{"RMSE": 6448.138909875286, "R-squared": 0.8097044044332793}