{"RMSE": 5227.892178395936, "R-squared": 0.8694576429479811}