{"RMSE": 5447.555196719986, "R-squared": 0.8582570442623836}