{"RMSE": 5115.243612805124, "R-squared": 0.8750227830025951}