{"RMSE": 5006.899793639834, "R-squared": 0.8800560905736622}