{"RMSE": 5271.520274177484, "R-squared": 0.8676529595081331}