{"RMSE": 6200.736254864667, "R-squared": 0.8147542673200419}