{"RMSE": 6175.184895859377, "R-squared": 0.8175514853524373}