{"RMSE": 5235.191266346513, "R-squared": 0.8694708294888077}