{"RMSE": 6517.41787313635, "R-squared": 0.7971152797091086}