{"RMSE": 6220.203443394554, "R-squared": 0.8133733621123178}