{"RMSE": 5992.01450631237, "R-squared": 0.8258635676675932}