{"RMSE": 14401.183298987102, "R-squared": -0.00016141258003310455}