{"RMSE": 6562.911410769732, "R-squared": 0.7948669884871888}