{"RMSE": 5412.385576502262, "R-squared": 0.8588635628491729}